<?xml version="1.0" encoding="UTF-8"?>
<project xmlns:xsi="http://www.w3.org/2001/XMLSchema-instance" uuid="b0504676-5461-4dc5-b131-d9dc762683ca" xsi:noNamespaceSchemaLocation="https://www.jetbrains.com/teamcity/schemas/2018.1/project-config.xsd">
  <name>GitDevOps03</name>
  <parameters />
  <project-extensions>
    <extension id="PROJECT_EXT_3" type="IssueTracker">
      <parameters>
        <param name="authType" value="loginpassword" />
        <param name="name" value="silent-ua/GitDevOps03" />
        <param name="pattern" value="#(\d+)" />
        <param name="repository" value="https://github.com/silent-ua/GitDevOps03" />
        <param name="secure:accessToken" value="" />
        <param name="secure:password" value="zxx167a038071c4f8aa556744677cca94f6" />
        <param name="type" value="GithubIssues" />
        <param name="username" value="silentua" />
      </parameters>
    </extension>
    <extension id="PROJECT_EXT_4" type="OAuthProvider">
      <parameters>
        <param name="displayName" value="Docker Registry" />
        <param name="providerType" value="Docker" />
        <param name="repositoryUrl" value="https://docker.io" />
        <param name="secure:userPass" value="zxx167a038071c4f8aa556744677cca94f6" />
        <param name="userName" value="silentua" />
      </parameters>
    </extension>
  </project-extensions>
  <cleanup />
</project>

