<?xml version="1.0" encoding="UTF-8"?>
<vcs-root xmlns:xsi="http://www.w3.org/2001/XMLSchema-instance" uuid="26e91b88-0d17-482a-af36-415586cec13e" type="jetbrains.git" xsi:noNamespaceSchemaLocation="https://www.jetbrains.com/teamcity/schemas/2018.1/project-config.xsd">
  <name>https://github.com/silent-ua/GitDevOps03.git#refs/heads/master</name>
  <param name="agentCleanFilesPolicy" value="ALL_UNTRACKED" />
  <param name="agentCleanPolicy" value="ON_BRANCH_CHANGE" />
  <param name="authMethod" value="PASSWORD" />
  <param name="branch" value="refs/heads/master" />
  <param name="ignoreKnownHosts" value="true" />
  <param name="secure:password" value="zxx167a038071c4f8aa556744677cca94f6" />
  <param name="submoduleCheckout" value="CHECKOUT" />
  <param name="url" value="https://github.com/silent-ua/GitDevOps03.git" />
  <param name="useAlternates" value="true" />
  <param name="username" value="silentua" />
  <param name="usernameStyle" value="USERID" />
</vcs-root>

