<?xml version="1.0" encoding="UTF-8"?>
<build-type xmlns:xsi="http://www.w3.org/2001/XMLSchema-instance" uuid="cad2a8e6-4fb2-49d5-89f6-d56c96717777" xsi:noNamespaceSchemaLocation="https://www.jetbrains.com/teamcity/schemas/2018.1/project-config.xsd">
  <name>GitDevOps03</name>
  <description />
  <settings>
    <disabled-settings>
      <setting-ref ref="RUNNER_2" />
    </disabled-settings>
    <parameters />
    <build-runners>
      <runner id="RUNNER_1" name="build docker image" type="DockerCommand">
        <parameters>
          <param name="command.args" value="--pull" />
          <param name="docker.command.type" value="build" />
          <param name="docker.image.namesAndTags" value="silentua/gitdevops03:%build.counter%" />
          <param name="docker.push.remove.image" value="true" />
          <param name="dockerfile.path" value="Dockerfile_nginx" />
          <param name="dockerfile.source" value="PATH" />
          <param name="teamcity.step.mode" value="default" />
        </parameters>
      </runner>
      <runner id="RUNNER_2" name="Push docker image to docker hub" type="simpleRunner">
        <parameters>
          <param name="script.content" value="docker push silentua/gitdevops03:%build.counter%" />
          <param name="teamcity.step.mode" value="default" />
          <param name="use.custom.script" value="true" />
        </parameters>
      </runner>
      <runner id="RUNNER_3" name="Push docker image to Nexus locally" type="simpleRunner">
        <parameters>
          <param name="script.content" value="docker push silentua/gitdevops03:%build.counter%" />
          <param name="teamcity.step.mode" value="default" />
          <param name="use.custom.script" value="true" />
        </parameters>
      </runner>
    </build-runners>
    <vcs-settings>
      <vcs-entry-ref root-id="GitDevOps03_HttpsGithubComSilentUaGitDevOps03gitRefsHeadsMaster" />
    </vcs-settings>
    <requirements />
    <build-triggers>
      <build-trigger id="vcsTrigger" type="vcsTrigger">
        <parameters>
          <param name="branchFilter" value="+:*" />
          <param name="enableQueueOptimization" value="true" />
          <param name="quietPeriodMode" value="DO_NOT_USE" />
        </parameters>
      </build-trigger>
    </build-triggers>
    <build-extensions>
      <extension id="BUILD_EXT_1" type="pullRequests">
        <parameters>
          <param name="authenticationType" value="vcsRoot" />
          <param name="filterAuthorRole" value="MEMBER" />
          <param name="providerType" value="github" />
          <param name="vcsRootId" value="GitDevOps03_HttpsGithubComSilentUaGitDevOps03gitRefsHeadsMaster" />
        </parameters>
      </extension>
    </build-extensions>
    <cleanup />
  </settings>
</build-type>

