<?xml version="1.0" encoding="UTF-8"?>
<project xmlns:xsi="http://www.w3.org/2001/XMLSchema-instance" uuid="0ad98d88-946d-4093-a27b-ce57b25b8abc" xsi:noNamespaceSchemaLocation="https://www.jetbrains.com/teamcity/schemas/2018.1/project-config.xsd">
  <name>&lt;Root project&gt;</name>
  <description>Contains all other projects</description>
  <parameters />
  <project-extensions>
    <extension id="PROJECT_EXT_1" type="ReportTab">
      <parameters>
        <param name="startPage" value="coverage.zip!index.html" />
        <param name="title" value="Code Coverage" />
        <param name="type" value="BuildReportTab" />
      </parameters>
    </extension>
    <extension id="PROJECT_EXT_2" type="OAuthProvider">
      <parameters>
        <param name="clientId" value="silentua" />
        <param name="defaultTokenScope" value="public_repo,repo,repo:status,write:repo_hook" />
        <param name="displayName" value="GitHub.com" />
        <param name="gitHubUrl" value="https://github.com/" />
        <param name="providerType" value="GitHub" />
        <param name="secure:clientSecret" value="zxx167a038071c4f8aa556744677cca94f6" />
      </parameters>
    </extension>
    <extension id="PROJECT_EXT_5" type="OAuthProvider">
      <parameters>
        <param name="displayName" value="Docker Registry" />
        <param name="providerType" value="Docker" />
        <param name="repositoryUrl" value="https://docker.io/" />
        <param name="secure:userPass" value="zxx167a038071c4f8aa556744677cca94f6" />
        <param name="userName" value="silentua" />
      </parameters>
    </extension>
    <extension id="PROJECT_EXT_6" type="OAuthProvider">
      <parameters>
        <param name="displayName" value="Nexus" />
        <param name="providerType" value="Docker" />
        <param name="repositoryUrl" value="http://172.20.99.242:8081/repository/docker/" />
        <param name="userName" value="anonymous" />
      </parameters>
    </extension>
  </project-extensions>
  <cleanup>
    <options>
      <option name="preventDependenciesArtifactsFromCleanup" value="false" />
    </options>
  </cleanup>
</project>

