<?xml version="1.0" encoding="UTF-8"?>
<project xmlns:xsi="http://www.w3.org/2001/XMLSchema-instance" uuid="cf686925-d85e-49ee-af78-052c654e48d5" xsi:noNamespaceSchemaLocation="https://www.jetbrains.com/teamcity/schemas/2018.1/project-config.xsd">
  <name>&lt;Root project&gt;</name>
  <description>Contains all other projects</description>
  <parameters />
  <project-extensions>
    <extension id="PROJECT_EXT_1" type="ReportTab">
      <parameters>
        <param name="startPage" value="coverage.zip!index.html" />
        <param name="title" value="Code Coverage" />
        <param name="type" value="BuildReportTab" />
      </parameters>
    </extension>
    <extension id="PROJECT_EXT_6" type="OAuthProvider">
      <parameters>
        <param name="displayName" value="local Nexus" />
        <param name="providerType" value="Docker" />
        <param name="repositoryUrl" value="https://testdevops.pp.ua:8090/repository/silentua/" />
        <param name="secure:userPass" value="zxxf6c05e60863bc907" />
        <param name="userName" value="deploy" />
      </parameters>
    </extension>
  </project-extensions>
  <cleanup>
    <options>
      <option name="preventDependenciesArtifactsFromCleanup" value="false" />
    </options>
  </cleanup>
</project>

