<?xml version="1.0" encoding="UTF-8"?>
<build-type xmlns:xsi="http://www.w3.org/2001/XMLSchema-instance" uuid="36a6177b-4633-4c3c-8a27-d9c76655fff2" xsi:noNamespaceSchemaLocation="https://www.jetbrains.com/teamcity/schemas/2018.1/project-config.xsd">
  <name>GitDevOps03</name>
  <description />
  <settings>
    <disabled-settings>
      <setting-ref ref="RUNNER_2" />
    </disabled-settings>
    <parameters />
    <build-runners>
      <runner id="RUNNER_1" name="build docker image" type="DockerCommand">
        <parameters>
          <param name="command.args" value="--pull" />
          <param name="docker.command.type" value="build" />
          <param name="docker.image.namesAndTags" value="testdevops.pp.ua:8090/repository/silentua/gitdevops03:%build.counter%" />
          <param name="docker.push.remove.image" value="true" />
          <param name="dockerImage.platform" value="linux" />
          <param name="dockerfile.path" value="Dockerfile_nginx" />
          <param name="dockerfile.source" value="PATH" />
          <param name="teamcity.step.mode" value="default" />
        </parameters>
      </runner>
      <runner id="RUNNER_4" name="login to local repository" type="simpleRunner">
        <parameters>
          <param name="script.content" value="docker login -u admin -p vTldtLb9 testdevops.pp.ua:8090/repository/silentua" />
          <param name="teamcity.step.mode" value="default" />
          <param name="use.custom.script" value="true" />
        </parameters>
      </runner>
      <runner id="RUNNER_2" name="Push docker image to docker hub" type="DockerCommand">
        <parameters>
          <param name="docker.command.type" value="push" />
          <param name="docker.image.namesAndTags" value="silentua/gitdevops03:%build.counter%" />
          <param name="docker.push.remove.image" value="true" />
          <param name="dockerfile.source" value="PATH" />
          <param name="teamcity.step.mode" value="default" />
        </parameters>
      </runner>
      <runner id="RUNNER_3" name="Push docker image to Nexus locally (1)" type="DockerCommand">
        <parameters>
          <param name="docker.command.type" value="push" />
          <param name="docker.image.namesAndTags" value="testdevops.pp.ua:8090/repository/silentua/gitdevops03:%build.counter%" />
          <param name="docker.sub.command" value="push 172.20.100.141:8443/repository/silentua/gitdevops03:%build.counter%" />
          <param name="dockerfile.source" value="PATH" />
          <param name="teamcity.step.mode" value="default" />
        </parameters>
      </runner>
    </build-runners>
    <vcs-settings>
      <vcs-entry-ref root-id="GitDevOps03_HttpsGithubComSilentUaGitDevOps03gitRefsHeadsMaster" />
    </vcs-settings>
    <requirements />
    <build-triggers>
      <build-trigger id="vcsTrigger" type="vcsTrigger">
        <parameters>
          <param name="branchFilter" value="+:*" />
          <param name="enableQueueOptimization" value="true" />
          <param name="quietPeriodMode" value="DO_NOT_USE" />
        </parameters>
      </build-trigger>
    </build-triggers>
    <build-extensions>
      <extension id="DockerSupport" type="DockerSupport">
        <parameters>
          <param name="cleanupPushed" value="true" />
        </parameters>
      </extension>
    </build-extensions>
    <cleanup />
  </settings>
</build-type>

