<?xml version="1.0" encoding="UTF-8"?>
<project xmlns:xsi="http://www.w3.org/2001/XMLSchema-instance" uuid="ee23150c-e7ee-416f-8821-17687e452078" xsi:noNamespaceSchemaLocation="https://www.jetbrains.com/teamcity/schemas/2018.1/project-config.xsd">
  <name>GitDevOps03</name>
  <parameters />
  <project-extensions>
    <extension id="PROJECT_EXT_2" type="OAuthProvider">
      <parameters>
        <param name="displayName" value="Docker Registry" />
        <param name="providerType" value="Docker" />
        <param name="repositoryUrl" value="https://docker.io" />
        <param name="secure:userPass" value="zxx167a038071c4f8aa556744677cca94f6" />
        <param name="userName" value="silentua" />
      </parameters>
    </extension>
    <extension id="PROJECT_EXT_3" type="OAuthProvider">
      <parameters>
        <param name="displayName" value="Nexus" />
        <param name="providerType" value="Docker" />
        <param name="repositoryUrl" value="http://172.20.99.242:8081/repository/docker/" />
        <param name="secure:userPass" value="zxxf69f4036cbbee882775d03cbe80d301b" />
        <param name="userName" value="anton" />
      </parameters>
    </extension>
  </project-extensions>
  <cleanup />
</project>

