<?xml version="1.0" encoding="UTF-8"?>
<project xmlns:xsi="http://www.w3.org/2001/XMLSchema-instance" uuid="ee23150c-e7ee-416f-8821-17687e452078" xsi:noNamespaceSchemaLocation="https://www.jetbrains.com/teamcity/schemas/2018.1/project-config.xsd">
  <name>GitDevOps03</name>
  <parameters />
  <project-extensions>
    <extension id="PROJECT_EXT_5" type="OAuthProvider">
      <parameters>
        <param name="displayName" value="Docker Registry" />
        <param name="providerType" value="Docker" />
        <param name="repositoryUrl" value="https://testdevops.pp.ua:8090/repository/silentua/" />
        <param name="secure:userPass" value="zxxf6c05e60863bc907" />
        <param name="userName" value="deploy" />
      </parameters>
    </extension>
  </project-extensions>
  <cleanup />
</project>

